gasoline,liquidtotal,coke
0.384373968,0.790589645,0.109445996
0.373569323,0.777803103,0.125482171
0.350943591,0.750490975,0.146480132
0.332161382,0.738231152,0.159283103
0.324186347,0.748591027,0.146192774
0.325684504,0.762950228,0.128070382
0.326066892,0.774960962,0.116858834
0.325669076,0.780947337,0.117136808
0.325300139,0.789484626,0.114588436
0.324540172,0.791103261,0.116936845
0.324150922,0.778659179,0.131025825
0.323993463,0.7643641,0.145539502
0.323359413,0.753798742,0.156474752
0.335168956,0.760918918,0.149632536
0.347399227,0.77379949,0.135735412
0.359812644,0.781106606,0.127565908
0.35940447,0.791354466,0.116524205
0.36009685,0.793766096,0.114783403
0.361446113,0.797870859,0.11082642
0.365198726,0.792000245,0.11671252
0.367810268,0.779873579,0.130203268
0.369866067,0.784623031,0.127600401
0.368609058,0.794296588,0.120372278
0.36502554,0.806056865,0.109849351
0.361526358,0.802618446,0.113532561
0.360632028,0.790565735,0.125689325
0.361420478,0.786750905,0.129490242
0.362378905,0.779032899,0.137402718
0.362750711,0.78401312,0.133201926
0.361586052,0.782609959,0.136141667
0.360485156,0.783445893,0.136363136
0.369544416,0.750087294,0.167990222
0.385201391,0.767922435,0.149762929
0.402774738,0.789669657,0.128889969
0.411221845,0.842531894,0.079540026
0.413417141,0.841682668,0.081904047
0.41350112,0.841575694,0.081023219
0.411849687,0.83378491,0.085768785
0.414538471,0.832000597,0.084996661
0.418035256,0.831748268,0.085215782
0.422445566,0.833926369,0.084479051
0.422436561,0.837296992,0.082224357
0.420125458,0.838257628,0.081286728
0.419181419,0.838721527,0.080659181
0.419800909,0.836239916,0.083314862
0.422008037,0.838261806,0.081694791
0.421057145,0.832081628,0.088644184
0.421013587,0.834627467,0.086026424
0.421369789,0.834260546,0.0862862
0.432210129,0.849220965,0.071049951
0.44633178,0.861180135,0.058600821
0.456590289,0.864725956,0.055578177
0.460203793,0.865536954,0.05545854
0.4567868,0.855606378,0.066491294
0.454751187,0.863561043,0.058439247
0.44973327,0.861218971,0.060846319
0.445344125,0.86932016,0.053177054
0.447910611,0.871443369,0.05147375
0.452301583,0.88524591,0.038376497
0.455153471,0.892296493,0.031753439
0.451379471,0.889953302,0.034065038
0.44437965,0.882678974,0.040561608
0.443808808,0.877708351,0.045412484
0.449246357,0.875314349,0.048198397
0.456459977,0.875401834,0.048696572
0.460644496,0.871255363,0.052625273
0.458583648,0.87297368,0.050834389
0.460888113,0.866006159,0.056283852
0.465147383,0.885047981,0.036914344
0.470018025,0.888084237,0.034245483
0.462430187,0.880868287,0.044020068
0.453955091,0.865094923,0.061366288
0.449680724,0.862435938,0.065170317
0.45217072,0.870722267,0.057405391
0.453916239,0.867584581,0.067745731
0.452288641,0.862311868,0.073567501
0.451696151,0.863307174,0.072721304
0.449964834,0.86161309,0.068082517
0.450987712,0.862104588,0.067341185
0.454572917,0.86167642,0.067183565
0.460177291,0.859914016,0.068319611
0.463729271,0.86127503,0.066721332
0.464705549,0.853412308,0.074734584
0.464753302,0.852839387,0.074889254
0.461630924,0.845311559,0.08068981
0.458012479,0.847971037,0.073984082
0.450193885,0.84312455,0.074989732
0.449313752,0.84387983,0.071193068
0.447775746,0.84339115,0.071140063
0.449196621,0.846502335,0.067109052
0.444578811,0.845245269,0.068357151
0.441147023,0.838343281,0.075674635
0.437867794,0.833739697,0.080652464
0.439449515,0.831659257,0.08247234
0.444940151,0.842105733,0.071067214
0.457271246,0.853244683,0.060075394
0.46779502,0.861576965,0.052150273
0.473983448,0.86377285,0.050594431
0.475119122,0.86742716,0.049491385
0.471839543,0.87044906,0.048720463
0.469705191,0.87432594,0.046659133
0.46674081,0.869093206,0.05123216
0.468837195,0.867164059,0.052793246
0.46870871,0.864383599,0.055912805
0.468444988,0.871971131,0.049160429
0.463285205,0.872793154,0.049122203
0.455880512,0.862255616,0.059792055
0.449982811,0.849997456,0.071569919
0.449690688,0.847558968,0.072960805
0.451318107,0.850489389,0.069608502
0.450661321,0.847033697,0.072802509
0.447930136,0.837678197,0.082143135
0.449748277,0.838046153,0.082008856
0.455847761,0.841293002,0.079230438
0.461723408,0.852876376,0.06615764
0.463310348,0.855605459,0.059019337
0.461335066,0.860203781,0.049195894
0.457712457,0.850855012,0.05566533
0.45763885,0.84637619,0.059431164
0.455440485,0.835238875,0.070982017
0.455296593,0.835304299,0.070661514
0.452328985,0.832683502,0.073256997
0.450664117,0.827917303,0.077581908
0.44595596,0.819236482,0.085982564
0.443400289,0.813925976,0.091661462
0.444257398,0.814691337,0.091108064
0.447615082,0.818932489,0.086488114
0.452615799,0.828874493,0.078394934
0.456794836,0.842965245,0.06645315
0.462004847,0.85548138,0.057512678
0.465416459,0.853743219,0.059750262
0.465906376,0.853854972,0.058922014
0.465076501,0.850556744,0.060290568
0.461852054,0.856213078,0.056068118
0.457137861,0.856001259,0.057843088
0.453510846,0.856799796,0.059978974
0.451225017,0.858533854,0.05833574
0.450324654,0.852002754,0.065814896
0.447462216,0.845644771,0.071257124
0.444735395,0.836360279,0.080152477
0.443562402,0.836691515,0.078985619
0.444665585,0.83918393,0.07675017
0.444499398,0.842324706,0.073452636
0.443123996,0.842051163,0.073454573
0.44244418,0.836658191,0.078538569
0.445296278,0.832589091,0.08176541
0.448716151,0.831979279,0.082426953
0.451245715,0.838529792,0.075429196
0.451830776,0.844635317,0.069681553
0.451438382,0.846872204,0.066918404
0.449103214,0.8450019,0.069051609
0.447539858,0.839749219,0.074020606
0.448169643,0.843866716,0.070363772
0.44952332,0.847005885,0.065336804
0.449178789,0.854421442,0.055999078
0.445449245,0.854116973,0.054356265
0.441103553,0.855716786,0.052770071
0.438560978,0.849908211,0.058947542
0.438899205,0.84494722,0.064441868
0.442559019,0.845904745,0.063606868
0.447909803,0.851681566,0.057766931
0.449865175,0.857799876,0.04994606
0.453316968,0.862428108,0.0457025
0.456000598,0.872253506,0.035616114
0.465095912,0.885113023,0.022864715
0.466208923,0.888952943,0.017936973
0.464055086,0.88085988,0.02394038
0.458332357,0.873506034,0.031107249
0.457087256,0.871912393,0.032734882
0.455919744,0.872136126,0.034196111
0.457526218,0.869042921,0.037380796
0.460267264,0.870713005,0.033069588
0.466254298,0.881831723,0.018807767
0.469066407,0.889764046,0.008753446
0.467933526,0.885102936,0.014653148
0.461905924,0.871486283,0.031281097
0.456575051,0.8607121,0.044411098
0.457051008,0.857912688,0.048809265
0.462942818,0.864885968,0.042858973
0.469819407,0.875550748,0.033629132
0.473992996,0.883394868,0.026489078
0.47413393,0.882875344,0.027046186
0.470150542,0.874328147,0.036275484
0.4645184,0.869129293,0.042149553
0.461341872,0.862805632,0.048689235
0.459358832,0.865603651,0.045401705
0.455545746,0.867357511,0.043613261
0.452368144,0.869573283,0.040499009
0.451720087,0.862517744,0.047250237
0.453841268,0.85844142,0.051600828
0.454509421,0.852119145,0.059304877
0.460580734,0.856633709,0.055345357
0.470324311,0.864819827,0.046209109
0.478258674,0.877826357,0.032050725
0.480290414,0.88567904,0.022878947
0.476557324,0.883819754,0.024877214
0.472686361,0.878774918,0.029676028
0.469977631,0.870770813,0.037809663
0.467493535,0.867032557,0.040954137
0.468292448,0.866396681,0.041414184
0.467122339,0.876096987,0.031560203
0.466185904,0.877803218,0.029347288
0.463386325,0.875447175,0.031802414
0.462635914,0.865697438,0.040934379
0.464460546,0.862004249,0.043924089
0.465536601,0.862190996,0.043030813
0.465367999,0.86508982,0.040099779
0.465286486,0.869221375,0.035941492
0.46639951,0.868880396,0.03612269
0.466697245,0.866747034,0.038061024
0.46797089,0.836934584,0.067113112
0.466982198,0.823247374,0.079831982
0.468611232,0.819736165,0.081976491
0.466708765,0.834175425,0.067363983
0.466415087,0.836395282,0.065759966
0.464020804,0.836324095,0.06662397
0.460749574,0.840311424,0.063218687
0.458410472,0.844062511,0.058751653
0.455789106,0.831279981,0.071026989
0.457143974,0.825978104,0.075955416
0.456624683,0.830205801,0.069983645
0.456260207,0.839586192,0.058756483
0.454786297,0.843206717,0.052859769
0.456205967,0.846329357,0.052063043
0.458844003,0.85542585,0.04627655
0.463053933,0.863172803,0.041470479
0.467065598,0.86998924,0.035197756
0.469529141,0.86814446,0.035488477
0.473564036,0.870715633,0.032834157
0.474550789,0.878661073,0.024301579
0.474391563,0.880137202,0.023687535
0.469481611,0.879552807,0.024689917
0.465969247,0.868630324,0.035386147
0.46456811,0.872937577,0.030137987
0.464762859,0.878009066,0.023278147
0.465488322,0.883786454,0.01638662
0.465609789,0.884254189,0.015213032
0.465290212,0.885461422,0.013633899
0.465102783,0.884794037,0.014071927
0.466948696,0.882270325,0.015848265
0.467654716,0.872395959,0.025987157
0.466261969,0.862520179,0.035718249
0.467757543,0.857483012,0.040552574
0.468583764,0.862539561,0.03533414
0.471034476,0.859704767,0.038616797
0.469242326,0.863624552,0.036040359
0.465857033,0.853888645,0.046039964
0.463917863,0.853714677,0.046397465
0.461477264,0.84423562,0.056208369
0.465586835,0.848621388,0.051837261
0.468868577,0.851307395,0.048989586
0.471685113,0.854227717,0.045601517
0.473007439,0.858743146,0.041051678
0.472464838,0.865576465,0.034430451
0.472065562,0.86448197,0.035439448
0.468399323,0.860720183,0.03911132
0.467688018,0.857386387,0.04141081
0.473021719,0.863442737,0.033810657
0.479542255,0.865028727,0.030796782
0.483349314,0.860935549,0.034465036
0.482568804,0.854959634,0.040779299
0.483541176,0.856490196,0.039649282
0.483210974,0.860236036,0.036340697
0.482366261,0.865105327,0.032027136
0.480949844,0.861509849,0.036666075
0.477387216,0.85633172,0.042201844
0.471172766,0.849710984,0.049110711
0.461473175,0.844416679,0.053805227
0.455845075,0.847985444,0.049971238
0.448655851,0.842268996,0.054919075
0.447994478,0.841599206,0.055800562
0.453136912,0.83926413,0.057781041
0.464552739,0.84660594,0.050091902
0.470181471,0.847966979,0.048285966
0.468640139,0.84209443,0.05375317
0.465900894,0.837898712,0.057418321
0.46617041,0.83593819,0.058949258
0.46470069,0.837635387,0.057576004
0.462680657,0.835555854,0.059878501
0.461174447,0.834680659,0.060250415
0.465478088,0.840535264,0.053371333
0.468123014,0.844936458,0.048335002
0.46897321,0.849314163,0.043883202
0.466442151,0.84434959,0.048481317
0.465882013,0.843235454,0.049429899
0.465021748,0.845707429,0.046463965
0.464443084,0.844997887,0.047037361
0.460892614,0.84345805,0.048168715
0.455271197,0.829582782,0.061898673
0.451147688,0.826090704,0.064881378
0.450050821,0.822052435,0.068772263
0.454063534,0.832054549,0.058720834
0.457700997,0.836916544,0.053767986
0.457141169,0.833546227,0.059059372
0.456202718,0.832980011,0.059700305
0.455623282,0.832386386,0.060350871
0.456376531,0.835978834,0.054835608
0.456406644,0.830048452,0.060084425
0.45680985,0.832198825,0.056608763
0.458828466,0.838410119,0.049108696
0.459933835,0.853613708,0.032980106
0.459270771,0.852796673,0.033552522
0.459512236,0.861330139,0.024900681
0.461066896,0.853606662,0.032146385
0.46201034,0.858011589,0.027037945
0.464717109,0.853921914,0.031164011
0.464369444,0.855442617,0.028787881
0.464856717,0.852543922,0.032757968
0.463945958,0.843689282,0.044356875
0.463497816,0.836988412,0.054779057
0.46696662,0.834749995,0.059653461
0.467804501,0.837741178,0.056774908
0.470045964,0.840842763,0.054054041
0.469064872,0.84190219,0.053167971
0.469084458,0.846388221,0.049339828
0.469610318,0.848907019,0.04739829
0.466358219,0.850310077,0.04695595
0.46410686,0.848501411,0.049191175
0.461409517,0.844190627,0.053157134
0.466162563,0.843105248,0.053843115
0.470840578,0.842354738,0.053963225
0.475702271,0.849587571,0.046677366
0.476095998,0.84999614,0.046197596
0.474750473,0.845127068,0.055682117
0.473400771,0.839845954,0.07574315
0.472522666,0.834472408,0.094362979
0.471770443,0.836516421,0.100473528
0.466761766,0.837957948,0.09668219
0.463728185,0.844139899,0.089514515
0.464296641,0.850579543,0.082365259
0.471034404,0.858626898,0.074092919
0.476214509,0.862982448,0.068540062
0.478232038,0.86625117,0.064631287
0.477171698,0.867444321,0.062891293
0.478430208,0.876371339,0.052473971
0.48033719,0.873284745,0.05456765
0.483918719,0.874827541,0.052125779
0.484085145,0.866448788,0.062361061
0.487892864,0.873659444,0.056059623
0.488272171,0.876387579,0.046069146
0.489336977,0.881104834,0.024067848
0.484629084,0.882351664,0.006023683
0.480914659,0.881439238,-0.002320378
0.476800941,0.901773859,-0.022495109
0.473364309,0.881101761,-0.00167867
0.468208093,0.864942309,0.014627834
0.462866109,0.827392394,0.051709323
0.460341966,0.830977402,0.047455689
0.459159055,0.830647144,0.04782797
0.458651671,0.833516603,0.045368726
0.458104085,0.835345249,0.043845073
0.461972923,0.844799777,0.051419591
0.465562506,0.8422494,0.070840807
0.470505803,0.845130429,0.086609038
0.471901372,0.842473135,0.09074445
0.477170301,0.853958661,0.081023055
0.479247273,0.857292164,0.078600459
0.478416174,0.854152848,0.08230263
0.472972506,0.852221356,0.084669923
0.46661695,0.849663444,0.086776668
0.461830063,0.853522046,0.082265198
0.458544979,0.850120142,0.084902943
0.455407403,0.84575367,0.088299924
0.453881054,0.835423774,0.097493049
0.455131542,0.831367082,0.100320805
0.457097463,0.832552621,0.098008484
0.461240739,0.838717197,0.092190236
0.464717546,0.843752254,0.087182386
0.468420994,0.845981055,0.086059299
0.47058114,0.850571942,0.081850219
0.474431587,0.853920937,0.078748821
0.477700559,0.855199019,0.07689104
0.479012291,0.854601672,0.076552084
0.475657159,0.854634615,0.076698393
0.470770957,0.847610147,0.083932302
0.467408472,0.845488739,0.086284234
0.463349812,0.837991801,0.093372646
0.459321382,0.836855359,0.094170142
0.453068175,0.82649831,0.103988391
0.449873489,0.823284331,0.105936608
0.448863845,0.827992079,0.099647106
0.451669201,0.835225993,0.090605851
0.45198821,0.817142537,0.107875611
0.455268593,0.811804807,0.112029206
0.45705423,0.805413382,0.11782787
0.460075947,0.823849603,0.098619534
0.457129574,0.823982065,0.098363062
0.4565258,0.822322842,0.100109389
0.455186925,0.820595425,0.101983197
0.457239081,0.816949847,0.105682509
0.458513006,0.820522174,0.102455832
0.456080251,0.817009415,0.106531072
0.453404941,0.820925306,0.103088032
0.449613149,0.81672168,0.107204175
0.447831882,0.814638111,0.10896792
0.44388248,0.805880295,0.117703274
0.440880977,0.805844485,0.117600652
0.441627046,0.808598675,0.114602293
0.445631793,0.813274251,0.109484177
0.448428021,0.81062687,0.111812513
0.449084274,0.805668498,0.117015074
0.450698456,0.808753128,0.113876811
0.452799663,0.817827336,0.104854275
0.456644356,0.825123925,0.097953062
0.459421501,0.824513838,0.099116445
0.462527103,0.822301139,0.101366788
0.46765753,0.826613276,0.096949033
0.470835494,0.830953164,0.092470549
0.473786457,0.83828992,0.085986185
0.471484065,0.838063098,0.084914857
0.471900331,0.842178413,0.080046268
0.470000159,0.835114073,0.08619925
0.469512995,0.834699075,0.087356028
0.468036734,0.828921775,0.092576602
0.468716084,0.830180611,0.090066429
0.468432892,0.82894477,0.089850998
0.463825365,0.824906322,0.093270932
0.459701781,0.823749475,0.09351205
0.457830811,0.821798444,0.095000464
0.46003664,0.824200667,0.092502463
0.460540091,0.820036527,0.098203791
0.459672065,0.820004386,0.099352586
0.459688793,0.821956216,0.09817452
0.461834268,0.825891632,0.094381749
0.461227538,0.822032789,0.098995015
0.461850634,0.822402441,0.099365335
0.460319874,0.820595062,0.100454028
0.459524776,0.827868127,0.089628987
0.45712152,0.825783005,0.088388921
0.454188824,0.826395191,0.085454029
0.453403925,0.824786695,0.086715078
0.453309195,0.822238692,0.087420156
0.457052475,0.824295054,0.084926956
0.464314775,0.830234572,0.078445272
0.468724007,0.842950273,0.067060515
0.46961742,0.849318498,0.061327225
0.471116533,0.846217963,0.066861052
0.473116649,0.842157933,0.07268985
0.476757411,0.849064839,0.06861472
0.474549317,0.850941989,0.068947978
0.472435393,0.851412867,0.070497177
0.47161203,0.840539286,0.081654657
0.47042031,0.832113682,0.08954361
0.470045958,0.826560795,0.094579681
0.466566726,0.829427369,0.091179642
0.462643976,0.831932154,0.088560552
0.458020095,0.826894239,0.093832159
0.458276276,0.823614722,0.097278102
0.461769196,0.808481122,0.112082063
0.468957725,0.809456025,0.104363875
0.471959013,0.831352512,0.085561509
0.477899877,0.861174037,0.055481791
0.483590194,0.87539898,0.04665061
0.486938336,0.876819378,0.04090508
0.485781775,0.868932418,0.04932552
0.481761303,0.869010309,0.050144958
0.479766436,0.853835884,0.066579876
0.477653423,0.852371336,0.067802466
0.474213455,0.845488846,0.074868029
0.469791049,0.83749836,0.082637812
0.467056038,0.838788986,0.080977972
0.458716046,0.833110147,0.086152609
0.451075383,0.831300449,0.087223574
0.438072045,0.806876107,0.113309757
0.437840013,0.802138936,0.116940041
0.443145299,0.806170759,0.111374332
0.455244318,0.825314034,0.089182229
0.460094891,0.837861821,0.0762
0.461235642,0.831524903,0.083187892
0.460800429,0.832347776,0.082382483
0.460448606,0.838187461,0.076247924
0.460284756,0.846888101,0.067365964
0.458925615,0.84771733,0.066183595
0.457905416,0.838583115,0.075466711
0.455022076,0.838200909,0.075405621
0.454530726,0.84228982,0.07139451
0.455203446,0.846997641,0.066427846
0.457027172,0.84797971,0.066126308
0.456865199,0.85037158,0.063701474
0.460419208,0.852122592,0.063455308
0.466197795,0.859242693,0.058271013
0.47273739,0.859483524,0.059073487
0.471413499,0.856582764,0.062130109
0.469272724,0.8516302,0.066578527
0.465826874,0.850105902,0.071795883
0.467790597,0.85578951,0.068866915
0.466517577,0.855237979,0.072346568
0.465731475,0.855779859,0.071545477
0.464120053,0.852925569,0.074502961
0.465288969,0.850643949,0.076641779
0.464575051,0.847907945,0.078939888
0.46490038,0.847380525,0.079599535
0.46437705,0.847517347,0.079375725
0.465065115,0.848778854,0.078064673
0.464368299,0.846434619,0.080737017
0.4671231,0.847159125,0.079603445
0.473400386,0.852777799,0.073759396
0.479812517,0.862082351,0.064482158
0.481324277,0.864102009,0.063578825
0.48240984,0.864537282,0.064366656
0.480944524,0.860982258,0.068173006
0.47973347,0.862010527,0.066770283
0.476654164,0.86585556,0.063400513
0.475455809,0.86842798,0.06130021
0.474098649,0.865620658,0.06488948
0.473181288,0.859091525,0.071647981
0.47043531,0.850251106,0.080816871
0.467581431,0.851943708,0.079006993
0.463991623,0.859575676,0.070456389
0.464597571,0.867130328,0.061949947
0.466400206,0.863086768,0.065423295
0.469097266,0.855057906,0.073899814
0.472652012,0.854219152,0.074520046
0.475554645,0.869272542,0.056557917
0.480743262,0.87990195,0.044448219
0.482422821,0.883221971,0.040003697
0.483747123,0.881297906,0.043585809
0.477895142,0.871814958,0.052529358
0.471912407,0.868545388,0.055213091
0.466652293,0.865418131,0.057794266
0.46568162,0.864782841,0.058199037
0.467156597,0.865898175,0.057059436
0.46866948,0.863352989,0.059489267
0.467116856,0.861701059,0.061191735
0.462313589,0.8533155,0.069009915
0.462035963,0.851154759,0.070534505
0.461346843,0.842979093,0.078207805
0.466931125,0.843810133,0.076173447
0.466797053,0.842585629,0.077590632
0.476523966,0.855007626,0.064717061
0.481331288,0.857512828,0.061856121
0.48872177,0.862467719,0.054956014
0.490688211,0.867059646,0.04673603
0.493311174,0.872009538,0.039971755
0.495593634,0.873574353,0.036691674
0.49294022,0.871640022,0.03940941
0.489966198,0.876738176,0.034697782
0.484696113,0.871606772,0.040728653
0.482260597,0.866512626,0.045602291
0.480010938,0.860327804,0.051688806
0.48058201,0.865214042,0.046625652
0.48142502,0.870648018,0.041418233
0.480933855,0.871948316,0.040294657
0.480773093,0.868537255,0.043760399
0.482953526,0.86897873,0.044208301
0.48699984,0.871292749,0.04262123
0.48598694,0.874384982,0.039969827
0.484178921,0.868031074,0.046279567
0.481516945,0.858760328,0.055173967
0.482128201,0.855069144,0.059298756
0.480959486,0.863615324,0.05124148
0.478531487,0.870582601,0.042797626
0.475129507,0.873045201,0.037580437
0.473480584,0.870054877,0.037960344
0.472874474,0.870759339,0.036654649
0.472771966,0.868701956,0.039279997
0.47210455,0.867808055,0.04034397
0.471326187,0.867677175,0.040948915
0.471638722,0.867916217,0.040433952
0.473147192,0.858864248,0.058312386
0.477213212,0.854018332,0.071693448
0.482704602,0.855927101,0.077883085
0.487459601,0.864253611,0.069320952
0.489465882,0.873222623,0.060374414
0.491903806,0.879210214,0.055078215
0.491772737,0.881716291,0.053072588
0.485661728,0.874969573,0.060805774
0.476087874,0.865832753,0.070922753
0.472390374,0.862787642,0.074467367
0.472979315,0.862374833,0.071527384
0.473876993,0.863523995,0.067178417
0.472934688,0.862658666,0.065069029
0.471722563,0.858262433,0.071896237
0.470717678,0.850298834,0.082048445
0.468755589,0.843100029,0.091509204
0.470185729,0.846369433,0.088069935
0.476961666,0.858513904,0.076406767
0.480709483,0.86680363,0.067909045
0.483942521,0.87108271,0.06386378
0.482739047,0.871388942,0.060184987
0.483779464,0.870187739,0.044507055
0.481740677,0.86856098,0.048618674
0.478316803,0.857017017,0.061647024
0.474327271,0.853931089,0.07958869
0.472778989,0.851538049,0.077938718
0.470734536,0.858224535,0.071590197
0.468010237,0.856622443,0.075686765
0.466111994,0.851666686,0.08092254
0.465853716,0.848235984,0.08344567
0.464160372,0.84722108,0.082129297
0.466627768,0.852703419,0.07550196
0.470683371,0.856163355,0.075762557
0.479763617,0.862500512,0.067678412
0.485460799,0.868131734,0.060323269
0.491085944,0.876673066,0.045494659
0.494558228,0.881742149,0.039636706
0.494699817,0.879655176,0.041803077
0.494034201,0.878855231,0.043098196
0.489824948,0.873930828,0.049061754
0.488290264,0.878592595,0.04491605
0.48342293,0.870624185,0.054005576
0.480614639,0.868159125,0.056704226
0.47738946,0.862321116,0.062928691
0.476174751,0.856108583,0.069241175
0.476270404,0.854427336,0.071347471
0.476532806,0.851152409,0.07481231
0.478922538,0.859502133,0.066161372
0.480000315,0.862275627,0.062737813
0.481586043,0.864613758,0.06064007
0.482148987,0.86376547,0.061358716
0.482767111,0.866814774,0.058832086
0.4830646,0.868105148,0.057164104
0.487030905,0.866376448,0.059377606
0.489563613,0.867499587,0.05814565
0.490883115,0.873929733,0.05190504
0.488054322,0.879331999,0.046746241
0.486638385,0.877512743,0.048950629
0.479251187,0.857762722,0.068890431
0.473033824,0.846182562,0.080062772
0.468155305,0.837226589,0.088688528
0.47117742,0.851173664,0.075176923
0.470451966,0.85368111,0.073441419
0.469480618,0.854460879,0.073300351
0.467505787,0.84513059,0.082674048
0.469593355,0.84930496,0.077495078
0.469979312,0.845138566,0.081414267
0.46938245,0.852493416,0.073715645
0.467466679,0.849510448,0.07559802
0.467601625,0.852324933,0.071882434
0.46899638,0.846893565,0.077417757
0.469764606,0.844393024,0.082565748
0.46801031,0.842883428,0.086727512
0.463512394,0.838389559,0.092911776
0.463437635,0.842046227,0.089854903
0.465540704,0.847483822,0.084224711
0.470873414,0.856672317,0.07486545
0.4707193,0.855086039,0.076489858
0.470243741,0.853688156,0.082962516
0.467818606,0.845407479,0.10012594
0.468100746,0.843309012,0.101714904
0.46816468,0.845694283,0.093256414
0.469964576,0.851243567,0.077954109
0.473859476,0.856219722,0.073301439
0.476948317,0.856095837,0.073654167
0.480406273,0.85915339,0.070317101
0.478729944,0.856685789,0.072034854
0.475008501,0.850290642,0.0784056
0.471871161,0.849278163,0.07939754
0.470919405,0.848072301,0.080512579
0.47611545,0.853383886,0.075217296
0.479801976,0.854841232,0.074229883
0.481685695,0.857877441,0.071276579
0.478292869,0.856966974,0.072733588
0.475074829,0.852958432,0.077365332
0.471389422,0.848845494,0.081623337
0.47157651,0.846880042,0.083276445
0.4712858,0.846735497,0.083183916
0.474256825,0.848355093,0.082029229
0.475012334,0.849066362,0.081495748
0.47669789,0.850858969,0.079410977
0.477416504,0.854697258,0.075417588
0.478655973,0.855052919,0.074489384
0.477735515,0.855025815,0.07379379
0.476621362,0.850695035,0.077469895
0.473490286,0.847561576,0.0806197
0.468735681,0.837500003,0.088189613
0.465000958,0.828383614,0.094691628
0.463224257,0.823788951,0.096649777
0.461022268,0.818426409,0.102260606
0.456465025,0.821546847,0.106452761
0.452615246,0.822504785,0.105591715
0.456505447,0.837983038,0.090206002
0.462942896,0.846354601,0.077254924
0.470033855,0.858799127,0.066856384
0.474193043,0.866153573,0.061283725
0.478300623,0.877785949,0.049182006
0.478222761,0.882750202,0.044152564
0.477556889,0.883009009,0.045081116
0.473108228,0.87383988,0.055217513
0.472973725,0.871580791,0.058095561
0.471706025,0.870825405,0.05851549
0.471306748,0.871509428,0.057379068
0.467917133,0.862986194,0.066119983
0.46363646,0.856296329,0.072485251
0.461728845,0.855049817,0.073729916
0.458571638,0.852746256,0.076283017
0.459304821,0.853715749,0.074914979
0.462478358,0.854745563,0.073379028
0.468972877,0.85933438,0.067998228
0.474046524,0.86435268,0.063346434
0.47496358,0.866861373,0.06107282
0.46401857,0.838752009,0.092275791
0.439711943,0.777682158,0.157442645
0.412362135,0.709564127,0.231042176
0.391049556,0.662586572,0.281305629
0.379639541,0.636641545,0.3095976
0.377442565,0.628439162,0.316701176
0.37862958,0.629680761,0.314232723
0.382798249,0.637381801,0.303670104
0.405612397,0.69435505,0.240321931
0.425114569,0.743045835,0.186631177
0.442582215,0.789195541,0.13745701
0.433909171,0.771869568,0.157901082
0.437735122,0.778351265,0.152337251
0.450950229,0.801455688,0.126569143
0.467179933,0.828333182,0.097101598
0.47630435,0.845599736,0.077354156
0.477976976,0.850137015,0.073837671
0.475789066,0.850611902,0.075024022
0.457605179,0.816699529,0.113643655
0.424484139,0.753348278,0.183990035
0.393417886,0.692065773,0.250300258
0.379919903,0.660766654,0.283241901
0.380166182,0.653041046,0.292236827
0.378718156,0.639346651,0.308153582
0.378240414,0.638074786,0.311367246
0.377866381,0.639569941,0.309790041
0.380539018,0.651490721,0.297496793
0.38458577,0.666181827,0.281053294
0.390597167,0.683673577,0.261976653
0.396680016,0.697841838,0.24656672
0.398714232,0.69671722,0.248119051
0.400857014,0.693013535,0.251964093
0.40161287,0.690703241,0.254028939
0.40320951,0.69101364,0.253841405
0.404007758,0.693343285,0.251063623
0.401399595,0.686837826,0.257433653
0.397811412,0.680739311,0.26351022
0.397762443,0.688375481,0.255152648
0.404610114,0.703345174,0.238689086
0.411343823,0.71357316,0.226751103
0.412923908,0.70914877,0.230954045
0.414729726,0.711624326,0.228667485
0.432690477,0.760071399,0.176343323
0.450318287,0.806401466,0.12568591
0.466454066,0.849713867,0.077713614
0.468179401,0.851586883,0.075971017
0.471559407,0.856889227,0.070595161
0.475195781,0.856489306,0.071330396
0.474758604,0.860254202,0.067548644
0.468967873,0.839224764,0.090431585
0.456304134,0.816050182,0.116056593
0.444578711,0.787846906,0.146442534
0.43576821,0.778706479,0.156477028
0.434287509,0.777730004,0.157963214
0.435387552,0.781530525,0.153283043
0.438161675,0.787942202,0.146125073
0.437753427,0.786235745,0.147587842
0.436192143,0.777386164,0.157409993
0.43314758,0.768177958,0.167360676
0.427924612,0.765008067,0.171129821
0.44303418,0.782791867,0.153848117
0.460931416,0.806134449,0.130603441
0.481685143,0.823130569,0.113431339
0.484039246,0.825624542,0.110669294
0.48298647,0.822416189,0.112816503
0.482800293,0.824661438,0.109489961
0.483605358,0.826430599,0.106555599
0.487922563,0.834677124,0.097937617
0.49203296,0.847556882,0.082894684
0.494350572,0.857962614,0.070665927
0.496019504,0.86676045,0.059990974
0.497979974,0.876034548,0.050618025
0.498631839,0.882458042,0.043497102
0.497393174,0.888869294,0.036486315
0.498949711,0.893658672,0.030549803
0.50226202,0.909336931,0.01342762
0.508752257,0.919342143,0.003582078
0.513309623,0.929178481,-0.005585073
0.520113896,0.927732217,-0.002577718
0.524105534,0.936234134,-0.010380468
0.527625919,0.942468131,-0.017359694
0.527770415,0.949153594,-0.026243205
0.526671081,0.946210728,-0.026183978
0.524931315,0.939300853,-0.021564949
0.523213212,0.93967018,-0.023567359
0.523079196,0.934393834,-0.020940232
0.520928602,0.931543441,-0.020280268
0.517883132,0.922182532,-0.012390443
0.517108317,0.923003159,-0.013309089
0.519294804,0.922467103,-0.011370485
0.523009965,0.926955065,-0.013522559
0.523452065,0.929402654,-0.014077036
0.523528562,0.926273106,-0.007849613
0.523085671,0.920466593,0.001017427
0.524716045,0.914566306,0.009722319
0.528384183,0.918708294,0.006219429
0.530333568,0.921652682,0.002700558
0.531194043,0.927533972,-0.003151905
0.527386459,0.926783449,-0.001786775
0.525235495,0.925992695,-0.000496693
0.522677894,0.922056622,0.003131962
0.523439376,0.922811906,0.001194764
0.526178261,0.924717185,-0.000976554
0.530056776,0.92798124,-0.004193961
0.531459748,0.925733073,-0.000756327
0.527557156,0.921667261,0.003764853
0.522345035,0.915313393,0.011057359
0.514966659,0.908195365,0.018395828
0.513579314,0.900778398,0.025547731
0.514526655,0.898873326,0.026059993
0.524284618,0.908357818,0.015358566
0.534138411,0.923013182,0.000229472
0.543905594,0.934808755,-0.011534179
0.546311991,0.938513875,-0.015110889
0.542158268,0.935970147,-0.011816817
0.536145786,0.929569053,-0.004139969
0.53073332,0.922723461,0.002510084
0.529673279,0.920417185,0.004908125
0.52648259,0.914255796,0.010469684
0.524260908,0.911821976,0.01348243
0.52131558,0.906293655,0.018449874
0.523494746,0.905957432,0.019575538
0.524044487,0.906322758,0.019855498
0.524383256,0.90644376,0.020008234
0.522232628,0.907747086,0.018753447
0.523313354,0.911253075,0.014414336
0.526168186,0.921566282,0.003965475
0.531835873,0.934305775,-0.00972865
0.534965915,0.943245266,-0.019190488
0.530601275,0.944087787,-0.019948319
0.524624019,0.937799065,-0.013693339
0.519765839,0.93489379,-0.010563192
0.519857299,0.929833266,-0.005990306
0.518209028,0.927437926,-0.003532622
0.513861203,0.920626589,0.003332777
0.51231797,0.925127439,-0.001314731
0.510979569,0.931397625,-0.007762556
0.512973417,0.934541342,-0.010809692
0.512348987,0.928569163,-0.004551215
0.511200678,0.921648907,0.002388572
0.510918407,0.921149374,0.000630442
0.513772659,0.923603886,-0.002142495
0.517920855,0.925098482,-0.006934454
0.521125849,0.929974323,-0.012018761
0.520409996,0.925598963,-0.008606738
0.521663263,0.933105342,-0.013818817
0.521427215,0.92969309,-0.009398438
0.521568054,0.932018368,-0.011789674
0.520861773,0.930935074,-0.010686485
0.516108659,0.925173988,-0.003408989
0.512215353,0.917937436,0.005414269
0.505427558,0.898812413,0.02588464
0.505540419,0.892089603,0.032358948
0.506681827,0.889141184,0.035064424
0.510118202,0.895340501,0.02857595
0.510265025,0.895788996,0.028650487
0.508307959,0.893826781,0.02972546
0.509122606,0.897819316,0.025101304
0.513287346,0.9070816,0.014835739
0.521267732,0.925593717,-0.003053645
0.52537791,0.931058435,-0.008367339
0.525318227,0.926894759,-0.003841336
0.522916049,0.916832271,0.006473068
0.520544298,0.912731404,0.011052713
0.519356137,0.914560836,0.009137767
0.516237063,0.91569987,0.007905405
0.513216311,0.91006191,0.013450059
0.51042453,0.908680573,0.01476523
0.510518995,0.908118115,0.015125379
0.512242714,0.91383933,0.009725945
0.516043188,0.915865773,0.007595541
0.516194467,0.917917612,0.004483457
0.517006128,0.915777772,0.005981411
0.515997785,0.912508368,0.009128967
0.517511243,0.910046033,0.012376022
0.515646364,0.90970592,0.012734194
0.514356027,0.91155876,0.011056574
0.513928189,0.912418511,0.010174383
0.509615408,0.912230207,0.010566284
0.510262595,0.928078202,-0.005756532
0.510301009,0.933678323,-0.011498012
0.514314574,0.934889693,-0.013275021
0.514841556,0.917339382,0.004340754
0.516702263,0.911314628,0.010399022
0.518570847,0.910974473,0.011410671
0.518936318,0.914697569,0.008738527
0.517041255,0.91677306,0.007292362
0.518293602,0.921272462,0.002642167
0.51795729,0.921285027,0.001732958
0.499776164,0.893371228,0.03667564
0.483841584,0.878999153,0.051660687
0.472830059,0.873225658,0.058522697
0.48040535,0.900477255,0.024093927
0.484100081,0.9041458,0.019495506
0.485696142,0.902750284,0.019927104
0.488350941,0.898025317,0.023722034
0.489468653,0.901043496,0.02055738
0.49067858,0.909638263,0.01118857
0.490156897,0.910934262,0.008572617
0.489870329,0.911687818,0.007540915
0.488005132,0.90499616,0.012877329
0.48603014,0.898957892,0.019335856
0.484948546,0.900195297,0.017214403
0.48303057,0.892603531,0.026370372
0.477937145,0.887172637,0.031927653
0.475024769,0.876975555,0.042148986
0.473932493,0.88254458,0.036234238
0.47786342,0.891507953,0.028494202
0.477161953,0.897771767,0.023423297
0.477030881,0.8979203,0.024496156
0.475916033,0.896525713,0.025945855
0.475603276,0.893378171,0.029341537
0.472585674,0.890849478,0.031465884
0.47085617,0.894055526,0.027770264
0.472059977,0.891955036,0.028866099
0.476184436,0.897077976,0.023371467
0.479563635,0.894396157,0.025547
0.481215164,0.892661878,0.027591309
0.481487302,0.892847438,0.027114753
0.481230588,0.897087333,0.023182185
0.482166524,0.909560908,0.010855084
0.484561469,0.913602757,0.008404706
0.486203234,0.915951362,0.007443127
0.488600563,0.920157306,0.004816411
0.486479608,0.915349963,0.009572465
0.487094664,0.906206694,0.018732857
0.485412369,0.901705858,0.022494463
0.486839862,0.911423248,0.01243155
0.484814665,0.921490873,0.002073457
0.482930539,0.918573442,0.004712452
0.480472755,0.907045483,0.016029515
0.479947755,0.897178287,0.026156401
0.479743657,0.893127195,0.030554159
0.479912679,0.889029588,0.035096437
0.480634417,0.892129226,0.032056715
0.480560785,0.893335527,0.031248764
0.482911806,0.894615997,0.029877051
0.48651317,0.898103728,0.026064224
0.490441216,0.902356323,0.021651164
0.492469152,0.910137495,0.014081476
0.491442394,0.90734378,0.017354049
0.491056248,0.905660824,0.019234266
0.489566142,0.902096117,0.022617418
0.488568194,0.90329329,0.021216521
0.487346727,0.900667549,0.022909677
0.485081861,0.897265634,0.023074164
0.48365047,0.896593567,0.020820521
0.481707415,0.900966698,0.014668822
0.480541859,0.902396372,0.015051327
0.477601335,0.89961397,0.01969846
0.476210323,0.895308443,0.02540568
0.475947207,0.898323315,0.022780897
0.476687863,0.8994668,0.021614235
0.480423712,0.90632723,0.014382592
0.482072215,0.907568749,0.012963242
0.484134361,0.90770651,0.013116202
0.482608122,0.899038512,0.022274771
0.483748296,0.894030975,0.028007318
0.485074365,0.893791776,0.02878453
0.486137497,0.894379777,0.02912503
0.485074732,0.894153219,0.029318622
0.483600469,0.893460459,0.029549061
0.481427691,0.895521292,0.027387491
0.48098184,0.898843671,0.024508499
0.478418052,0.89732773,0.026410093
0.476168309,0.892852669,0.029444846
0.473398117,0.88699001,0.034479464
0.473929344,0.883723715,0.036616777
0.476189651,0.882184249,0.037299413
0.478377358,0.877061201,0.039898182
0.480119723,0.876044153,0.040640432
0.483031968,0.881260825,0.0357851
0.485969677,0.890529204,0.027409095
0.487941735,0.893573373,0.023928137
0.487831166,0.889942754,0.027625086
0.485410274,0.885701269,0.032725763
0.483690188,0.88950821,0.028945774
0.481212077,0.891977247,0.027069703
0.482065567,0.892746338,0.026379693
0.482679464,0.887664007,0.030287671
0.482782423,0.882904899,0.033333812
0.482229946,0.879733581,0.034949731
0.481768077,0.879164938,0.036429264
0.483477792,0.880244717,0.037441737
0.484318285,0.877956396,0.041956886
0.484992347,0.876099773,0.044967292
0.485909478,0.879581142,0.040511038
0.487381631,0.884968342,0.033969409
0.483666849,0.890365048,0.026940828
0.475106066,0.885802073,0.031230974
0.466817849,0.88351901,0.03368506
0.46283494,0.881702465,0.03623325
0.462188325,0.879637814,0.037180093
0.461696761,0.875359004,0.041096904
0.461635303,0.869758946,0.047110249
0.461480344,0.869429035,0.04971737
0.460532858,0.866310626,0.053647264
0.460095952,0.86584553,0.054382507
0.460059678,0.864035875,0.05598067
0.461219828,0.866123765,0.053997021
0.462356773,0.868542783,0.050898385
0.46376425,0.86696767,0.052784101
0.465199765,0.872591203,0.04594919
0.465928173,0.87376259,0.043279327
0.465996661,0.878195509,0.037188169
0.464456217,0.876373399,0.040356668
0.462030362,0.870939743,0.048038513
0.459495983,0.86726977,0.05292641
0.458858251,0.86589796,0.053786685
0.460109068,0.867196662,0.052583
0.459720758,0.862804053,0.056907078
0.458216377,0.857661381,0.062122066
0.45621234,0.851673916,0.067840094
0.455531096,0.849003964,0.070637921
0.456260324,0.851569987,0.067922363
0.456626395,0.855627728,0.063845641
0.46060623,0.861584776,0.057758908
0.464628635,0.867099624,0.052391058
0.469734122,0.881179304,0.0386728
0.470081976,0.889344727,0.030230443
0.468440939,0.885773745,0.034007247
0.463187808,0.87191475,0.047755525
0.462451755,0.86789048,0.051987518
0.456681199,0.863221349,0.058177423
0.457150632,0.864035412,0.057303072
0.452331151,0.860734798,0.060184306
0.452439012,0.857425484,0.062207797
0.450118226,0.849698917,0.070469832
0.444230598,0.841289797,0.080450235
0.433726279,0.835423185,0.087582222
0.420977428,0.828405375,0.094293955
0.414373561,0.820410561,0.101439397
0.413226388,0.811766016,0.108895578
0.414745788,0.809824746,0.110676063
0.417518661,0.808855861,0.111565132
0.420398425,0.81228613,0.108013763
0.422421418,0.815371349,0.105159477
0.422650675,0.816201848,0.104164326
0.422341923,0.818693503,0.101348913
0.420286555,0.817662194,0.101771804
0.418323028,0.82524369,0.093550925
0.416596876,0.826560728,0.092570561
0.414903291,0.822664576,0.097255211
0.414743246,0.817971597,0.103298748
0.414252108,0.814138209,0.106928095
0.414588519,0.816785114,0.103911788
0.414124179,0.817447022,0.103236958
0.413804797,0.818812609,0.102111961
0.415226454,0.815381268,0.105322125
0.416852338,0.807359686,0.112493277
0.420188356,0.805702706,0.1136649
0.421094147,0.808829207,0.110811909
0.421192613,0.814256343,0.105671451
0.419287099,0.813146207,0.106958536
0.419375406,0.810227678,0.110060349
0.420033881,0.809829631,0.110358211
0.421157741,0.812832347,0.107530351
0.421795411,0.818437264,0.102059616
0.422430142,0.819251323,0.101849373
0.423417637,0.813956699,0.107661827
0.423220262,0.808731613,0.11306716
0.42208977,0.804832265,0.117391128
0.420673739,0.806463708,0.115799878
0.419783841,0.804785183,0.117633303
0.420895101,0.806652328,0.115590025
0.422432355,0.811849343,0.110161846
0.424739877,0.817486797,0.104150238
0.425778686,0.822377819,0.098651257
0.427206399,0.820894082,0.099649379
0.426345892,0.816087123,0.104302517
0.425119926,0.813428024,0.107354859
0.422153419,0.810669112,0.110606223
0.421181862,0.813197309,0.108160989
0.421341401,0.817319889,0.103647504
0.421710079,0.815785773,0.10488588
0.422275252,0.820469234,0.100122727
0.421324196,0.814951769,0.105972564
0.420427959,0.814332173,0.107108688
0.418936786,0.811169533,0.110622749
0.418609151,0.812327407,0.109296698
0.419587758,0.819297219,0.102117835
0.420889908,0.82292961,0.097714063
0.423182052,0.827976156,0.092525713
0.424858494,0.829508101,0.09053904
0.427662927,0.828864487,0.091420724
0.428777021,0.823357371,0.096005422
0.42952734,0.8215188,0.09613179
0.430080747,0.823894081,0.091557692
0.42902215,0.828929099,0.085319344
0.428023846,0.830947645,0.083027206
0.424456374,0.824431947,0.089233871
0.424576839,0.825411992,0.087604256
0.423753671,0.82494662,0.087545607
0.423888886,0.831516834,0.08085223
0.422455628,0.830971988,0.081531434
0.422343003,0.830563202,0.082133129
0.421710035,0.828027604,0.084555129
0.421467592,0.823711151,0.090262826
0.421230268,0.823261564,0.092168919
0.422049583,0.819952279,0.097215661
0.424677179,0.823292067,0.095298587
0.427301119,0.828853879,0.090974047
0.430099027,0.837749515,0.083305936
0.428860094,0.84403629,0.076688267
0.427786082,0.844716633,0.076130245
0.425203201,0.842118095,0.078879955
0.423542037,0.830366308,0.091144881
0.421361459,0.825301667,0.09637824
0.42051405,0.821674244,0.099525436
0.420271073,0.821885049,0.09937288
0.41936619,0.824455817,0.096686476
0.405061516,0.813727046,0.107908229
0.390811304,0.801443201,0.120278121
0.377737423,0.784447698,0.137540002
0.388622201,0.787079375,0.134500274
0.400196689,0.806936037,0.114063571
0.410378632,0.819567264,0.100353728
0.410274626,0.828247721,0.091857335
0.409257385,0.816471683,0.104303655
0.408650817,0.807133782,0.114893709
0.408144892,0.799268752,0.122588511
0.40676877,0.800981183,0.121234601
0.406683324,0.808646195,0.113081865
0.406102773,0.812817565,0.109483994
0.406752782,0.814107586,0.106917566
0.407065064,0.810798208,0.106880187
0.406806779,0.80797418,0.107361494
0.406256481,0.804495116,0.109314552
0.404968482,0.798904175,0.115885558
0.405898651,0.797123047,0.117505642
0.41266498,0.803434141,0.111760758
0.425562874,0.822580861,0.092745971
0.437090143,0.837962822,0.077666848
0.443254695,0.846495254,0.068624713
0.442044112,0.843500669,0.071636551
0.441405572,0.83736371,0.078239858
0.440033933,0.833692445,0.082257374
0.43997556,0.833407909,0.08270595
0.439243287,0.836562487,0.075152787
0.43797461,0.837001503,0.071982638
0.437401264,0.836666105,0.0699041
0.436147547,0.834335307,0.074512302
0.43420794,0.83517618,0.073899953
0.431876475,0.835666327,0.073535553
0.429980377,0.837075193,0.071311808
0.429866798,0.835375431,0.072684101
0.423717872,0.827684827,0.080741775
0.41889737,0.820985619,0.086837621
0.414291834,0.818665947,0.090014727
0.416145314,0.821848646,0.085530934
0.416869135,0.828214309,0.078164933
0.416908318,0.830954462,0.073006205
0.415563539,0.833718115,0.06947705
0.414160758,0.826896605,0.076616092
0.413011042,0.814828352,0.088526388
0.41195624,0.808981649,0.093838359
0.411902586,0.809925005,0.092163301
0.412210752,0.815184617,0.08592839
0.413061937,0.821796574,0.078876918
0.413427829,0.826346366,0.073624895
0.413770835,0.819574802,0.081883925
0.414477248,0.82228984,0.081152679
0.415294187,0.820723194,0.086828424
0.415589023,0.835121708,0.076247759
0.416301072,0.828424438,0.08580109
0.415680622,0.826743085,0.089115503
0.414965976,0.824231551,0.092615066
0.413350574,0.823221073,0.094992718
0.412510377,0.825657777,0.092522757
0.412005134,0.820332478,0.096492422
0.410674423,0.814998016,0.099933387
0.410245075,0.805429887,0.108277766
0.409911527,0.800851456,0.112859683
0.411113158,0.804033571,0.109842451
0.411922767,0.808470291,0.105532563
0.411864156,0.815771668,0.098353633
0.411415042,0.813377077,0.1004927
0.411098633,0.819340031,0.094327052
0.412323673,0.821859023,0.092658075
0.413865264,0.828235984,0.087780374
0.414565853,0.825460283,0.092031801
0.414842255,0.8213774,0.09602802
0.414169269,0.818991409,0.097635332
0.413251287,0.818426283,0.097227958
0.411753485,0.818468897,0.096548614
0.411440029,0.818688179,0.095710599
0.410486436,0.815495149,0.098074326
0.410009895,0.816296056,0.096089187
0.408744928,0.812080541,0.102235066
0.408698622,0.81087499,0.105714867
0.408809067,0.810475149,0.107205005
0.409826757,0.816326227,0.099450774
0.410229697,0.818483499,0.095573773
0.410586884,0.818028479,0.095527269
0.411672523,0.814799131,0.098248824
0.413701572,0.820278844,0.092211378
0.415685354,0.819637275,0.092477871
0.416086228,0.817221041,0.095388742
0.415368294,0.81386749,0.099424826
0.413626565,0.830813187,0.083334647
0.41172182,0.829332152,0.085136159
0.410948911,0.825370085,0.089129286
0.410479543,0.807133998,0.107126506
0.410319274,0.809185552,0.104750707
0.409909983,0.810534662,0.103381619
0.410332987,0.812278729,0.101786789
0.410649945,0.814639274,0.099091192
0.410693446,0.818443939,0.094375272
0.410011215,0.804903213,0.106795859
0.409648589,0.793989414,0.117199044
0.410742335,0.786193766,0.124575144
0.411614367,0.793682902,0.116551606
0.412589998,0.797018078,0.112260897
0.412762582,0.79913599,0.110071754
0.413661259,0.800068448,0.109352049
0.41421018,0.803122877,0.107557542
0.413857049,0.804265652,0.107214325
0.413562642,0.804943075,0.107104853
0.413583639,0.802463517,0.109794244
0.414065661,0.800839988,0.110816123
0.413808716,0.798009427,0.116197933
0.414077769,0.800711063,0.11597838
0.414124259,0.803690657,0.11604779
0.414780858,0.814830342,0.104894618
0.415098452,0.818390668,0.099842925
0.416058379,0.824089566,0.094428691
0.416647133,0.822423557,0.096255348
0.416839484,0.820070655,0.100531236
0.416366036,0.811062248,0.109262602
0.415915549,0.803868502,0.116466316
0.415181181,0.802932196,0.116627332
0.413078629,0.801499548,0.118411233
0.410711821,0.802762178,0.117319031
0.409671905,0.804562756,0.116759396
0.410324961,0.803542055,0.116725589
0.411287031,0.799205403,0.119884326
0.412497344,0.796707461,0.121173427
0.413931227,0.804606716,0.113617936
0.41420443,0.813078709,0.106372574
0.41295522,0.815022697,0.105074357
0.412496358,0.813522485,0.107028118
0.412905157,0.812196336,0.107906935
0.414150133,0.808888899,0.11069668
0.414084479,0.809179489,0.110296908
0.414538601,0.807191695,0.113332953
0.413882962,0.806246828,0.116270815
0.413905479,0.799160171,0.125288334
0.41389393,0.798656174,0.127431846
0.413665926,0.801630518,0.125074519
0.412102091,0.803706745,0.123287842
0.411234177,0.801836149,0.124732382
0.411079909,0.797356709,0.129102211
0.411365658,0.795391463,0.130992626
0.411887532,0.796737414,0.129836254
0.411785126,0.800340211,0.126220172
0.411926238,0.801147217,0.125486004
0.411316911,0.797141217,0.128898217
0.41063371,0.793639031,0.131906345
0.410831189,0.794494263,0.130573146
0.41234622,0.797746272,0.127314298
0.414141918,0.796679265,0.128452275
0.414767549,0.79411936,0.13112072
0.414086822,0.792647553,0.132120824
0.412356227,0.802606355,0.120490591
0.411862298,0.812228632,0.109181594
0.411076534,0.814022976,0.106141877
0.410978393,0.805934596,0.114675583
0.409715317,0.788489273,0.135064963
0.408323297,0.786568576,0.136796087
0.413792139,0.796957268,0.125874607
0.419450819,0.815647936,0.10384837
0.425916508,0.82875819,0.090409627
0.426408257,0.825978343,0.092737871
0.425773496,0.823633009,0.094645083
0.426545598,0.821811828,0.095707362
0.427657379,0.821843862,0.094904425
0.430904152,0.825343193,0.091089766
0.432248837,0.827430646,0.089343613
0.432850588,0.831601581,0.085589278
0.432892061,0.826210027,0.09133809
0.432441643,0.822905186,0.095425134
0.432200289,0.820386921,0.098175662
0.429780392,0.822255271,0.095601014
0.426119382,0.814093197,0.103364516
0.424239142,0.812946195,0.104417557
0.423377009,0.810231939,0.107439683
0.423820694,0.813821187,0.103175642
0.4215628,0.808352979,0.107551417
0.41536467,0.803682113,0.111477143
0.410127461,0.797487568,0.117275933
0.406561556,0.798094872,0.116720743
0.408350841,0.80347944,0.111640472
0.409444235,0.806975531,0.108814369
0.410446262,0.80797946,0.108495025
0.410496313,0.805997207,0.111256509
0.410953879,0.809825704,0.107527812
0.409796877,0.80984325,0.107060216
0.409601451,0.810351522,0.10549849
0.40755191,0.804564601,0.111153301
0.406580064,0.800384034,0.11456868
0.405496183,0.805912846,0.108772126
0.406191335,0.811930315,0.101540423
0.407775876,0.826995533,0.084692708
0.408620289,0.829471693,0.082252756
0.409634977,0.834034108,0.078751192
0.410050661,0.824986409,0.091111831
0.410941651,0.820932412,0.096747064
0.411500605,0.823737441,0.095287144
0.411373196,0.822999527,0.096748276
0.411648914,0.818127305,0.101970435
0.410747236,0.808961345,0.112587395
0.410037527,0.806640651,0.117107135
0.408508166,0.807584662,0.118756618
0.40809124,0.805346196,0.122042313
0.407335628,0.799428775,0.128293994
0.406893667,0.79646198,0.131162243
0.406132587,0.791232023,0.136798437
0.405426817,0.793291092,0.135040767
0.404419123,0.795440513,0.133426961
0.403751704,0.803427989,0.125254345
0.404197603,0.80484689,0.12358993
0.405021599,0.800879151,0.127072283
0.407189609,0.797129315,0.130135916
0.408668176,0.79189932,0.134900904
0.410213113,0.792823895,0.134002854
0.410219723,0.792387519,0.135006154
0.410811108,0.801161892,0.127047283
0.410517552,0.805549576,0.123356685
0.410116,0.807531783,0.122014593
0.408872347,0.807828417,0.122153086
0.408834597,0.807117898,0.123259424
0.408895585,0.805628172,0.124999131
0.409141601,0.804281371,0.126442694
0.409012045,0.805481947,0.125539349
0.409270238,0.805696691,0.125522697
0.40901788,0.802223187,0.128490701
0.409412375,0.800398504,0.128770394
0.409789592,0.800793461,0.127821137
0.410975734,0.807471693,0.120897476
0.423026597,0.821971168,0.107347923
0.434413948,0.835953633,0.093474013
0.44519509,0.838541994,0.092080204
0.443803401,0.836748734,0.094709442
0.441988426,0.833853502,0.098223319
0.438716275,0.836715082,0.09515511
0.435157243,0.829295345,0.102222971
0.431781739,0.825539927,0.105281076
0.430772406,0.82585719,0.104253947
0.432100391,0.829763635,0.100055778
0.434446344,0.831963377,0.0979652
0.436674049,0.835293344,0.094853325
0.437184305,0.834238051,0.095924924
0.43765941,0.832129753,0.098224827
0.436966867,0.828123057,0.102089607
0.438245001,0.830587175,0.099795934
0.439033422,0.833082791,0.097338272
0.44107655,0.833933652,0.096719947
0.440750457,0.828952003,0.101532368
0.440713015,0.827883101,0.102378099
0.439471987,0.826553852,0.104028943
0.438577099,0.830751516,0.099667773
0.438927109,0.830893012,0.099308894
0.439180056,0.836525968,0.093254735
0.43956023,0.836799443,0.093055719
0.43816043,0.836066873,0.0942554
0.437540823,0.829583019,0.100931252
0.436298925,0.828799817,0.101973494
0.43583976,0.832472504,0.098456171
0.436386982,0.833707078,0.097293429
0.438185967,0.832320558,0.09808233
0.438788225,0.829472081,0.099818215
0.440232996,0.832634158,0.095879159
0.440101817,0.835787899,0.092768899
0.44078116,0.836800551,0.091839878
0.440115685,0.835961433,0.093220964
0.440526973,0.834509803,0.094575206
0.439526869,0.834748164,0.094508919
0.437932079,0.835510411,0.092989039
0.436266161,0.834118138,0.095178184
0.436853006,0.832783605,0.094337149
0.437400269,0.82919462,0.098650595
0.437764791,0.828873339,0.099021912
0.437710185,0.829314926,0.102271974
0.437530343,0.833867698,0.098750386
0.438030294,0.836113576,0.096677304
0.438386794,0.84076965,0.091240762
0.439266411,0.840850205,0.090248939
0.440395656,0.844946641,0.084150296
0.441136962,0.842143271,0.086452863
0.442869928,0.838892144,0.089361629
0.443526514,0.833145464,0.096163524
0.442733349,0.831789505,0.097492197
0.440009687,0.837241228,0.092256326
0.438118766,0.840992936,0.089322729
0.437287321,0.836370467,0.094604269
0.437319379,0.831883383,0.098983376
0.435931218,0.828999216,0.101122148
0.434734884,0.835804133,0.093745259
0.432908443,0.838094324,0.091661881
0.433096502,0.838023573,0.091656311
0.434116034,0.836934702,0.092585865
0.435993347,0.833177198,0.095607508
0.437457464,0.8344587,0.094377803
0.43871085,0.838326041,0.089629652
0.440390207,0.843770054,0.084294339
0.441373979,0.846478381,0.081215671
0.443742488,0.843396863,0.084987893
0.444140711,0.840459316,0.08833967
0.443829804,0.839310811,0.089308006
0.441211843,0.835273827,0.093639457
0.440521802,0.832996778,0.09580013
0.440682547,0.829716093,0.099422386
0.441707249,0.835771762,0.093347183
0.442276877,0.837728922,0.091622776
0.441650929,0.837947587,0.092008394
0.440739156,0.835477166,0.094780435
0.439865038,0.832583527,0.097690785
0.439083868,0.834304911,0.096050805
0.438840364,0.832104461,0.098084554
0.438914434,0.831686949,0.097887489
0.439771425,0.830900502,0.098478138
0.440423192,0.83223952,0.097376048
0.440397165,0.837415454,0.093014978
0.438167894,0.837197697,0.093640353
0.433340358,0.830512738,0.100849245
0.425535532,0.812762629,0.119061539
0.426554192,0.808486618,0.122616918
0.430057664,0.810386188,0.120203514
0.437170766,0.824107879,0.104846283
0.437361603,0.826313923,0.101766133
0.436371591,0.832447742,0.09445281
0.434400055,0.83295614,0.093933192
0.435694701,0.833198023,0.093011062
0.438780774,0.833996089,0.090987583
0.441926322,0.839563005,0.083875493
0.442401266,0.849493143,0.073451536
0.441772258,0.852173553,0.070520361
0.441654201,0.847085291,0.075957352
0.441286753,0.840437468,0.082843973
0.441009454,0.836597583,0.087361892
0.44092088,0.841333445,0.083003553
0.441074559,0.84148409,0.083323358
0.441144161,0.840280591,0.084323699
0.441242297,0.836075228,0.088598177
0.440134211,0.838430531,0.085926163
0.439222218,0.836677653,0.088144136
0.437854842,0.833662479,0.091408755
0.437449779,0.823444045,0.102091811
0.438298475,0.814924779,0.1102893
0.440952744,0.811306104,0.113962187
0.443634507,0.813079238,0.111612692
0.443925856,0.817492,0.107002878
0.443456227,0.819546565,0.104200404
0.442460409,0.819028615,0.104848225
0.442188999,0.820802981,0.103327337
0.441135056,0.818684428,0.106075647
0.43965219,0.817487817,0.10710401
0.438399136,0.812766622,0.111597382
0.437884252,0.814214977,0.109819772
0.438694836,0.819243778,0.104184078
0.439306692,0.821400216,0.099716628
0.439379337,0.822750358,0.094950109
0.438262407,0.826650524,0.087281553
0.437894218,0.834408814,0.077201199
0.436837105,0.835036639,0.075482708
0.437150947,0.827749313,0.083908845
0.438049807,0.824354469,0.089107349
0.440819454,0.828056346,0.087249885
0.443527413,0.832712821,0.080201227
0.444513656,0.836253667,0.072244413
0.443731576,0.839491753,0.064420388
0.443368647,0.836411082,0.065924511
0.442080577,0.832871758,0.065685949
0.441331593,0.826907563,0.067527591
0.440821704,0.827847309,0.063006383
0.440246015,0.828321267,0.062396157
0.438849721,0.830886724,0.060659042
0.435052002,0.832665522,0.060647581
0.434403531,0.833572707,0.061036943
0.435992687,0.833182406,0.064275055
0.439936355,0.835984318,0.061462364
0.442463513,0.840929212,0.057495065
0.444553964,0.842775387,0.05496091
0.445926793,0.841567438,0.056872605
0.447226243,0.840227076,0.058507849
0.447150284,0.83936675,0.059135418
0.446970019,0.83609953,0.062483986
0.446586538,0.831959467,0.066585109
0.446995635,0.829960376,0.0688039
0.447715017,0.831328961,0.067640914
0.449697766,0.832387535,0.066973535
0.450309367,0.832179343,0.067873519
0.448985075,0.831809337,0.068682682
0.446513804,0.832081127,0.068932258
0.444945969,0.834718375,0.066039233
0.444644925,0.835324705,0.065088677
0.444336811,0.833380857,0.067870366
0.445117655,0.830693287,0.072401363
0.447981276,0.832967931,0.072600925
0.450502488,0.838589527,0.069920882
0.451839981,0.840940602,0.069382313
0.450838514,0.840942179,0.071350966
0.450356611,0.840370409,0.07156599
0.447657544,0.841187907,0.070410965
0.444408393,0.838990345,0.070638331
0.440919144,0.832401492,0.077524815
0.439482978,0.83055288,0.079410766
0.438348173,0.828822414,0.082671839
0.437000096,0.831885591,0.079444092
0.435736888,0.832546371,0.078217981
0.433822406,0.833844621,0.076231603
0.433962006,0.834773855,0.074842937
0.434280432,0.837057648,0.073453812
0.437524346,0.842590701,0.067669124
0.439266402,0.846659133,0.063282512
0.441010809,0.84848832,0.060529082
0.441457037,0.846422244,0.062796646
0.441900879,0.848762891,0.060661909
0.442082304,0.854357215,0.055691526
0.440762658,0.858069207,0.05229446
0.438400703,0.851062532,0.059770135
0.435614041,0.844129248,0.066511734
0.433896645,0.839582781,0.071374718
0.432407997,0.83978936,0.071225845
0.431286741,0.835142469,0.076571956
0.430040307,0.831368039,0.080407115
0.430558714,0.829125058,0.082868861
0.431254485,0.830019203,0.082090445
0.432799605,0.831041033,0.080910783
0.433244726,0.833321069,0.078891971
0.433674515,0.835020991,0.076616968
0.43438883,0.832102198,0.079167563
0.435057563,0.83396973,0.076398383
0.434924559,0.825626916,0.084632829
0.433119878,0.828058636,0.082117818
0.431421687,0.825299055,0.085066139
0.429270737,0.830801425,0.079870255
0.428380747,0.829971578,0.081136363
0.425931829,0.828827825,0.080678029
0.42447789,0.835021684,0.072212046
0.423575871,0.835989588,0.068751995
0.424293446,0.83658222,0.067941108
0.425684819,0.831554965,0.073140157
0.425604002,0.829334337,0.075669053
0.425147379,0.828058631,0.076350798
0.424633452,0.826175959,0.076732597
0.427750417,0.829528996,0.07255086
0.432001586,0.833759286,0.067963223
0.435551877,0.835996907,0.066007133
0.435671409,0.836763265,0.065237094
0.434713441,0.83581434,0.066016134
0.433101961,0.833647881,0.070585133
0.431190409,0.834435506,0.071224142
0.428764618,0.832653345,0.074445584
0.428171865,0.83291386,0.072982584
0.428280508,0.829701709,0.075707632
0.430433366,0.828819292,0.076391695
0.43133037,0.828690246,0.077026957
0.432290022,0.831105661,0.074889606
0.431484359,0.832590546,0.073800261
0.431076433,0.836388106,0.068671621
0.430844716,0.839636567,0.06296847
0.431494452,0.840975083,0.059674601
0.431987838,0.842234148,0.059009155
0.432778598,0.842486624,0.06000495
0.432832455,0.843542205,0.059258882
0.433150221,0.842098174,0.060106051
0.433013423,0.839064307,0.06335808
0.433013039,0.841930842,0.060521354
0.432641429,0.842064202,0.060524605
0.432131723,0.840418048,0.061837345
0.432061281,0.838234127,0.064222344
0.432761731,0.838538079,0.063775324
0.434232619,0.846425439,0.055699953
0.433776458,0.844434794,0.057562575
0.431416959,0.842653535,0.059626602
0.429225234,0.837551425,0.064993839
0.430758738,0.842656223,0.059769041
0.432162525,0.847968179,0.053865585
0.434275888,0.85128157,0.050380023
0.433881342,0.852584693,0.04884695
0.43526326,0.850951687,0.050267757
0.43353097,0.84737521,0.055110978
0.430924387,0.840794513,0.06410209
0.427831947,0.837550753,0.069816768
0.426313368,0.834746921,0.07381872
0.415458496,0.821781401,0.086555246
0.40450918,0.810249939,0.097728013
0.392995521,0.800341457,0.10785798
0.39265344,0.805627614,0.103049144
0.392538897,0.807708016,0.101662063
0.392851869,0.80747769,0.100918871
0.393897316,0.803324018,0.104306815
0.394844769,0.801087568,0.104775493
0.396810074,0.802561149,0.102794105
0.397398786,0.812422738,0.092434768
0.398445834,0.81510612,0.090166557
0.398924961,0.818364833,0.087004471
0.399759843,0.813831125,0.091852401
0.399034132,0.808671428,0.09763412
0.398120648,0.801348037,0.104985149
0.396961361,0.799841574,0.106201516
0.395466086,0.797830072,0.107476604
0.393569164,0.797209538,0.107762536
0.392496558,0.793670612,0.110710988
0.393840307,0.799780494,0.104455454
0.395443806,0.807261526,0.096818991
0.396432367,0.810631859,0.093835635
0.396769285,0.811269458,0.094609899
0.399195695,0.81007408,0.09820292
0.400149044,0.807697362,0.101034168
0.401894881,0.807916039,0.099412486
0.401938155,0.812646537,0.092637944
0.401836912,0.816108576,0.088818669
0.401362946,0.819458878,0.085801151
0.400097603,0.818006624,0.086654334
0.4007938,0.816329542,0.087662036
0.400799616,0.814428783,0.088751594
